office,votes,candidate,party
GOVERNOR,2673308,Total Votes,NA
GOVERNOR,1295080,Scott Walker / Rebecca Kleefisch,Republican
GOVERNOR,1324307,Tony Evers / Mandela Barnes,Democrat
GOVERNOR,20225,Phillip Anderson / Patrick Baird,Libertarian
GOVERNOR,11087,Michael J. White / Tiffany Anderson,Wisconsin Green
GOVERNOR,18884,Maggie Turnbull / Wil Losch,Independent
GOVERNOR,2745,Arnie Enz / No Candidate,Independent
GOVERNOR,4,Ryan Cason (Write-in)/ No Candidate,Republican
GOVERNOR,1,Paul Boucher (Write-in)/No Candidate,Democrat
GOVERNOR,2,Mark S. Grimek (Write-in)/No Candidate,Constitution
GOVERNOR,0,Jared William Landry (Write-in)/No Candidate,Democrat
GOVERNOR,1,Robbie Hoffman (Write-in)/No Candidate,Independent
GOVERNOR,2,Richard Michael Turtenwald (Write-in)/No Candidate,Independent
GOVERNOR,1,No Candidate/Corban Gehler (Write-in),Democrat
GOVERNOR,3,No Candidate/William Henry Davis III (Write-in),Democrat
ATTORNEY GENERAL,2642851,Total Votes,NA
ATTORNEY GENERAL,1288712,Brad Schimel,Republican
ATTORNEY GENERAL,1305902,Josh Kaul,Democrat
ATTORNEY GENERAL,47038,Terry Larson,Constitution
SECRETARY OF STATE,2617948,Total Votes,NA
SECRETARY OF STATE,1235034,Jay Schroeder,Republican
SECRETARY OF STATE,1380752,Doug La Follette,Democrat
SECRETARY OF STATE,60,Brad Karas (write-in),Wisconsin Green
STATE TREASURER,2601962,Total Votes,NA
STATE TREASURER,1216811,Travis Hartwig,Republican
STATE TREASURER,1324110,Sarah Godlewski,Democrat
STATE TREASURER,59570,Andrew Zuelke,Constitution
UNITED STATES SENATOR,2660763,Total Votes,NA
UNITED STATES SENATOR,1184885,Leah Vukmir,Republican
UNITED STATES SENATOR,1472914,Tammy Baldwin,Democrat
UNITED STATES SENATOR,28,Mary Jo Walters (write-in),Independent
UNITED STATES SENATOR,14,John Schiess (write-in),Independent
REPRESENTATIVE IN CONGRESS DISTRICT 1,325317,Total Votes,NA
REPRESENTATIVE IN CONGRESS DISTRICT 1,177492,Bryan Steil,Republican
REPRESENTATIVE IN CONGRESS DISTRICT 1,137508,Randy Bryce,Democrat
REPRESENTATIVE IN CONGRESS DISTRICT 1,10006,Ken Yorgan,Independent
REPRESENTATIVE IN CONGRESS DISTRICT 1,7,Joseph Kexel (write-in),Independent
REPRESENTATIVE IN CONGRESS DISTRICT 2,317295,Total Votes,NA
REPRESENTATIVE IN CONGRESS DISTRICT 2,309116,Mark Pocan,Democrat
REPRESENTATIVE IN CONGRESS DISTRICT 2,29,Joey Wayne Reed (write-in),Republican
REPRESENTATIVE IN CONGRESS DISTRICT 2,1,Bradley Jason Burt (write-in),Democrat
REPRESENTATIVE IN CONGRESS DISTRICT 2,8,Rick Cruz (Write-in),Independent
REPRESENTATIVE IN CONGRESS DISTRICT 3,314989,Total Votes,NA
REPRESENTATIVE IN CONGRESS DISTRICT 3,126980,Steve Toft,Republican
REPRESENTATIVE IN CONGRESS DISTRICT 3,187888,Ron Kind,Democrat
REPRESENTATIVE IN CONGRESS DISTRICT 4,273087,Total Votes,NA
REPRESENTATIVE IN CONGRESS DISTRICT 4,59091,Tim Rogers,Republican
REPRESENTATIVE IN CONGRESS DISTRICT 4,206487,Gwen S. Moore,Democrat
REPRESENTATIVE IN CONGRESS DISTRICT 4,7170,Robert R. Raymond,Independent
REPRESENTATIVE IN CONGRESS DISTRICT 5,364288,Total Votes,NA
REPRESENTATIVE IN CONGRESS DISTRICT 5,225619,"F. James Sensenbrenner, Jr.",Republican
REPRESENTATIVE IN CONGRESS DISTRICT 5,138385,Tom Palzewicz,Democrat
REPRESENTATIVE IN CONGRESS DISTRICT 5,1,Ramon Garcia (write-in),Democrat
REPRESENTATIVE IN CONGRESS DISTRICT 6,325065,Total Votes,NA
REPRESENTATIVE IN CONGRESS DISTRICT 6,180311,Glenn Grothman,Republican
REPRESENTATIVE IN CONGRESS DISTRICT 6,144536,Dan Kohl,Democrat
REPRESENTATIVE IN CONGRESS DISTRICT 7,322840,Total Votes,NA
REPRESENTATIVE IN CONGRESS DISTRICT 7,194061,Sean P. Duffy,Republican
REPRESENTATIVE IN CONGRESS DISTRICT 7,124307,Margaret Engebretson,Democrat
REPRESENTATIVE IN CONGRESS DISTRICT 7,4416,Ken Driessen,Independent
REPRESENTATIVE IN CONGRESS DISTRICT 7,3,Bob Look (write-in),Democrat
REPRESENTATIVE IN CONGRESS DISTRICT 8,328774,Total Votes,NA
REPRESENTATIVE IN CONGRESS DISTRICT 8,209410,Mike Gallagher,Republican
REPRESENTATIVE IN CONGRESS DISTRICT 8,119265,Beau Liegeois,Democrat
STATE SENATOR DISTRICT 1,86768,Total Votes,NA
STATE SENATOR DISTRICT 1,47289,Andr√© Jacque,Republican
STATE SENATOR DISTRICT 1,39414,Caleb Frostman,Democrat
STATE SENATOR DISTRICT 3,37860,Total Votes,NA
STATE SENATOR DISTRICT 3,36875,Tim Carpenter,Democrat
STATE SENATOR DISTRICT 5,93529,Total Votes,NA
STATE SENATOR DISTRICT 5,47836,Dale Kooyenga,Republican
STATE SENATOR DISTRICT 5,45591,Julie Henszey,Democrat
STATE SENATOR DISTRICT 7,84822,Total Votes,NA
STATE SENATOR DISTRICT 7,28459,Jason Red Arnold,Republican
STATE SENATOR DISTRICT 7,56198,Chris Larson,Democrat
STATE SENATOR DISTRICT 9,76409,Total Votes,NA
STATE SENATOR DISTRICT 9,44680,Devin LeMahieu,Republican
STATE SENATOR DISTRICT 9,31684,Kyle Whelton,Democrat
STATE SENATOR DISTRICT 11,62066,Total Votes,NA
STATE SENATOR DISTRICT 11,59512,Steve Nass,Republican
STATE SENATOR DISTRICT 11,53,Steve Michael Johnson (Write In),Independent
STATE SENATOR DISTRICT 13,84077,Total Votes,NA
STATE SENATOR DISTRICT 13,49668,Scott Fitzgerald,Republican
STATE SENATOR DISTRICT 13,34385,Michelle Zahn,Democrat
STATE SENATOR DISTRICT 15,55343,Total Votes,NA
STATE SENATOR DISTRICT 15,53458,Janis Ringhand,Democrat
STATE SENATOR DISTRICT 15,4,Gregory Alan Neumann (wr-in),Republican
STATE SENATOR DISTRICT 17,69248,Total Votes,NA
STATE SENATOR DISTRICT 17,37465,Howard Marklein,Republican
STATE SENATOR DISTRICT 17,31757,Kriss Marion,Democrat
STATE SENATOR DISTRICT 19,81701,Total Votes,NA
STATE SENATOR DISTRICT 19,43493,Roger Roth,Republican
STATE SENATOR DISTRICT 19,38179,Lee Snodgrass,Democrat
STATE SENATOR DISTRICT 21,83783,Total Votes,NA
STATE SENATOR DISTRICT 21,48603,Van H. Wanggaard,Republican
STATE SENATOR DISTRICT 21,35111,Lori Hawkins,Democrat
STATE SENATOR DISTRICT 23,72606,Total Votes,NA
STATE SENATOR DISTRICT 23,42958,Kathy Bernier,Republican
STATE SENATOR DISTRICT 23,29637,Chris Kapsner,Democrat
STATE SENATOR DISTRICT 25,77604,Total Votes,NA
STATE SENATOR DISTRICT 25,37960,James Bolen,Republican
STATE SENATOR DISTRICT 25,39624,Janet Bewley,Democrat
STATE SENATOR DISTRICT 27,97651,Total Votes,NA
STATE SENATOR DISTRICT 27,32992,Casey Helbach,Republican
STATE SENATOR DISTRICT 27,64605,Jon B. Erpenbach,Democrat
STATE SENATOR DISTRICT 29,77325,Total Votes,NA
STATE SENATOR DISTRICT 29,49657,Jerry Petrowski,Republican
STATE SENATOR DISTRICT 29,27627,Richard Pulcher,Democrat
STATE SENATOR DISTRICT 31,77561,Total Votes,NA
STATE SENATOR DISTRICT 31,35684,Mel Pittman,Republican
STATE SENATOR DISTRICT 31,40073,Jeff Smith,Democrat
STATE SENATOR DISTRICT 31,1776,Aaron Elaine Camacho,Independent
STATE SENATOR DISTRICT 33,70992,Total Votes,NA
STATE SENATOR DISTRICT 33,68759,Chris Kapenga,Republican
REPRESENTATIVE TO THE ASSEMBLY DISTRICT 1,30202,Total Votes,NA
REPRESENTATIVE TO THE ASSEMBLY DISTRICT 1,20651,Joel C. Kitchens,Republican
REPRESENTATIVE TO THE ASSEMBLY DISTRICT 1,9519,Roberta Thelen,Independent
REPRESENTATIVE TO THE ASSEMBLY DISTRICT 2,27389,Total Votes,NA
REPRESENTATIVE TO THE ASSEMBLY DISTRICT 2,15014,Shae Sortwell,Republican
REPRESENTATIVE TO THE ASSEMBLY DISTRICT 2,10118,Mark Grams,Democrat
REPRESENTATIVE TO THE ASSEMBLY DISTRICT 2,745,Kevin A. Bauer,Libertarian
REPRESENTATIVE TO THE ASSEMBLY DISTRICT 2,1494,Jeff Dahlke,Independent
REPRESENTATIVE TO THE ASSEMBLY DISTRICT 3,27624,Total Votes,NA
REPRESENTATIVE TO THE ASSEMBLY DISTRICT 3,15847,Ron Tusler,Republican
REPRESENTATIVE TO THE ASSEMBLY DISTRICT 3,11775,Scott Gavin,Democrat
REPRESENTATIVE TO THE ASSEMBLY DISTRICT 4,27899,Total Votes,NA
REPRESENTATIVE TO THE ASSEMBLY DISTRICT 4,15291,David Steffen,Republican
REPRESENTATIVE TO THE ASSEMBLY DISTRICT 4,12585,Terry Lee,Democrat
REPRESENTATIVE TO THE ASSEMBLY DISTRICT 5,28127,Total Votes,NA
REPRESENTATIVE TO THE ASSEMBLY DISTRICT 5,17175,Jim Steineke,Republican
REPRESENTATIVE TO THE ASSEMBLY DISTRICT 5,10952,Matt Lederer,Democrat
REPRESENTATIVE TO THE ASSEMBLY DISTRICT 6,24398,Total Votes,NA
REPRESENTATIVE TO THE ASSEMBLY DISTRICT 6,15028,Gary Tauchen,Republican
REPRESENTATIVE TO THE ASSEMBLY DISTRICT 6,7693,Richard Sarnwick,Democrat
REPRESENTATIVE TO THE ASSEMBLY DISTRICT 6,1675,Mike Hammond,Libertarian
REPRESENTATIVE TO THE ASSEMBLY DISTRICT 7,19400,Total Votes,NA
REPRESENTATIVE TO THE ASSEMBLY DISTRICT 7,15187,Daniel G. Riemer,Democrat
REPRESENTATIVE TO THE ASSEMBLY DISTRICT 7,3953,Matthew J. Bughman,Libertarian
REPRESENTATIVE TO THE ASSEMBLY DISTRICT 8,9038,Total Votes,NA
REPRESENTATIVE TO THE ASSEMBLY DISTRICT 8,1639,Angel C. Sanchez,Republican
REPRESENTATIVE TO THE ASSEMBLY DISTRICT 8,7384,JoCasta Zamarripa,Democrat
REPRESENTATIVE TO THE ASSEMBLY DISTRICT 9,11692,Total Votes,NA
REPRESENTATIVE TO THE ASSEMBLY DISTRICT 9,11453,Marisabel Cabrera,Democrat
REPRESENTATIVE TO THE ASSEMBLY DISTRICT 10,21149,Total Votes,NA
REPRESENTATIVE TO THE ASSEMBLY DISTRICT 10,20961,David Bowen,Democrat
REPRESENTATIVE TO THE ASSEMBLY DISTRICT 11,17380,Total Votes,NA
REPRESENTATIVE TO THE ASSEMBLY DISTRICT 11,17162,Jason M. Fields,Democrat
REPRESENTATIVE TO THE ASSEMBLY DISTRICT 12,17702,Total Votes,NA
REPRESENTATIVE TO THE ASSEMBLY DISTRICT 12,17428,LaKeshia N. Myers,Democrat
REPRESENTATIVE TO THE ASSEMBLY DISTRICT 13,32323,Total Votes,NA
REPRESENTATIVE TO THE ASSEMBLY DISTRICT 13,16617,Rob Hutton,Republican
REPRESENTATIVE TO THE ASSEMBLY DISTRICT 13,15662,Dennis Raymond McBride,Democrat
REPRESENTATIVE TO THE ASSEMBLY DISTRICT 14,34162,Total Votes,NA
REPRESENTATIVE TO THE ASSEMBLY DISTRICT 14,16459,Matt Adamczyk,Republican
REPRESENTATIVE TO THE ASSEMBLY DISTRICT 14,16597,Robyn Vining,Democrat
REPRESENTATIVE TO THE ASSEMBLY DISTRICT 14,691,Rick Braun,Libertarian
REPRESENTATIVE TO THE ASSEMBLY DISTRICT 14,402,Steven Shevey,Independent
REPRESENTATIVE TO THE ASSEMBLY DISTRICT 15,26891,Total Votes,NA
REPRESENTATIVE TO THE ASSEMBLY DISTRICT 15,15089,Joe Sanfelippo,Republican
REPRESENTATIVE TO THE ASSEMBLY DISTRICT 15,11768,Lillian Cheesman,Democrat
REPRESENTATIVE TO THE ASSEMBLY DISTRICT 16,17066,Total Votes,NA
REPRESENTATIVE TO THE ASSEMBLY DISTRICT 16,16861,Kalan Haywood,Democrat
REPRESENTATIVE TO THE ASSEMBLY DISTRICT 17,21021,Total Votes,NA
REPRESENTATIVE TO THE ASSEMBLY DISTRICT 17,20820,David C. Crowley,Democrat
REPRESENTATIVE TO THE ASSEMBLY DISTRICT 18,17603,Total Votes,NA
REPRESENTATIVE TO THE ASSEMBLY DISTRICT 18,17426,Evan Goyke,Democrat
REPRESENTATIVE TO THE ASSEMBLY DISTRICT 19,28249,Total Votes,NA
REPRESENTATIVE TO THE ASSEMBLY DISTRICT 19,27543,Jonathan Brostoff,Democrat
REPRESENTATIVE TO THE ASSEMBLY DISTRICT 20,21069,Total Votes,NA
REPRESENTATIVE TO THE ASSEMBLY DISTRICT 20,20245,Christine Sinicki,Democrat
REPRESENTATIVE TO THE ASSEMBLY DISTRICT 21,26123,Total Votes,NA
REPRESENTATIVE TO THE ASSEMBLY DISTRICT 21,14280,Jessie Rodriguez,Republican
REPRESENTATIVE TO THE ASSEMBLY DISTRICT 21,11806,Gabriel A. Gomez,Democrat
REPRESENTATIVE TO THE ASSEMBLY DISTRICT 22,32922,Total Votes,NA
REPRESENTATIVE TO THE ASSEMBLY DISTRICT 22,21153,Janel Brandtjen,Republican
REPRESENTATIVE TO THE ASSEMBLY DISTRICT 22,11738,Aaron Matteson,Democrat
REPRESENTATIVE TO THE ASSEMBLY DISTRICT 22,2,Michele Divelbiss (write-in),Republican
REPRESENTATIVE TO THE ASSEMBLY DISTRICT 23,35281,Total Votes,NA
REPRESENTATIVE TO THE ASSEMBLY DISTRICT 23,18321,Jim Ott,Republican
REPRESENTATIVE TO THE ASSEMBLY DISTRICT 23,16939,Liz Sumner,Democrat
REPRESENTATIVE TO THE ASSEMBLY DISTRICT 24,32906,Total Votes,NA
REPRESENTATIVE TO THE ASSEMBLY DISTRICT 24,17650,Dan Knodl,Republican
REPRESENTATIVE TO THE ASSEMBLY DISTRICT 24,15244,Emily Siegrist,Democrat
REPRESENTATIVE TO THE ASSEMBLY DISTRICT 25,23838,Total Votes,NA
REPRESENTATIVE TO THE ASSEMBLY DISTRICT 25,14785,Paul Tittl,Republican
REPRESENTATIVE TO THE ASSEMBLY DISTRICT 25,9042,Jennifer Estrada,Democrat
REPRESENTATIVE TO THE ASSEMBLY DISTRICT 26,24966,Total Votes,NA
REPRESENTATIVE TO THE ASSEMBLY DISTRICT 26,14485,Terry Katsma,Republican
REPRESENTATIVE TO THE ASSEMBLY DISTRICT 26,10466,Rebecca Clarke,Democrat
REPRESENTATIVE TO THE ASSEMBLY DISTRICT 27,27735,Total Votes,NA
REPRESENTATIVE TO THE ASSEMBLY DISTRICT 27,16533,Tyler Vorpagel,Republican
REPRESENTATIVE TO THE ASSEMBLY DISTRICT 27,11186,Nanette Bulebosh,Democrat
REPRESENTATIVE TO THE ASSEMBLY DISTRICT 28,24473,Total Votes,NA
REPRESENTATIVE TO THE ASSEMBLY DISTRICT 28,14441,Gae Magnafici,Republican
REPRESENTATIVE TO THE ASSEMBLY DISTRICT 28,10028,Kim Butler,Democrat
REPRESENTATIVE TO THE ASSEMBLY DISTRICT 29,22896,Total Votes,NA
REPRESENTATIVE TO THE ASSEMBLY DISTRICT 29,12523,Rob Stafsholt,Republican
REPRESENTATIVE TO THE ASSEMBLY DISTRICT 29,9750,John Rocco Calabrese,Democrat
REPRESENTATIVE TO THE ASSEMBLY DISTRICT 29,620,Brian Corriea,Libertarian
REPRESENTATIVE TO THE ASSEMBLY DISTRICT 30,28271,Total Votes,NA
REPRESENTATIVE TO THE ASSEMBLY DISTRICT 30,15240,Shannon Zimmerman,Republican
REPRESENTATIVE TO THE ASSEMBLY DISTRICT 30,13015,Barry Hammarback,Democrat
REPRESENTATIVE TO THE ASSEMBLY DISTRICT 31,26623,Total Votes,NA
REPRESENTATIVE TO THE ASSEMBLY DISTRICT 31,15299,Amy Loudenbeck,Republican
REPRESENTATIVE TO THE ASSEMBLY DISTRICT 31,11305,Brittany Keyes,Democrat
REPRESENTATIVE TO THE ASSEMBLY DISTRICT 32,25015,Total Votes,NA
REPRESENTATIVE TO THE ASSEMBLY DISTRICT 32,14813,Tyler August,Republican
REPRESENTATIVE TO THE ASSEMBLY DISTRICT 32,10182,Katherine R. Gaulke,Democrat
REPRESENTATIVE TO THE ASSEMBLY DISTRICT 32,2,Jeremiah Sutton (wr-in),Republican
REPRESENTATIVE TO THE ASSEMBLY DISTRICT 33,27478,Total Votes,NA
REPRESENTATIVE TO THE ASSEMBLY DISTRICT 33,17236,Cody J. Horlacher,Republican
REPRESENTATIVE TO THE ASSEMBLY DISTRICT 33,10219,Brandon White,Democrat
REPRESENTATIVE TO THE ASSEMBLY DISTRICT 34,31816,Total Votes,NA
REPRESENTATIVE TO THE ASSEMBLY DISTRICT 34,19699,Rob Swearingen,Republican
REPRESENTATIVE TO THE ASSEMBLY DISTRICT 34,12096,Chris Meier,Democrat
REPRESENTATIVE TO THE ASSEMBLY DISTRICT 35,26107,Total Votes,NA
REPRESENTATIVE TO THE ASSEMBLY DISTRICT 35,16380,Mary Czaja-Felzkowski,Republican
REPRESENTATIVE TO THE ASSEMBLY DISTRICT 35,9714,Mark A. Martello,Democrat
REPRESENTATIVE TO THE ASSEMBLY DISTRICT 36,25283,Total Votes,NA
REPRESENTATIVE TO THE ASSEMBLY DISTRICT 36,16938,Jeffrey L. Mursau,Republican
REPRESENTATIVE TO THE ASSEMBLY DISTRICT 36,8338,Tim Comer,Democrat
REPRESENTATIVE TO THE ASSEMBLY DISTRICT 37,20433,Total Votes,NA
REPRESENTATIVE TO THE ASSEMBLY DISTRICT 37,19616,John Jagler,Republican
REPRESENTATIVE TO THE ASSEMBLY DISTRICT 38,31361,Total Votes,NA
REPRESENTATIVE TO THE ASSEMBLY DISTRICT 38,18056,Barbara Dittrich,Republican
REPRESENTATIVE TO THE ASSEMBLY DISTRICT 38,13286,Melissa Winker,Democrat
REPRESENTATIVE TO THE ASSEMBLY DISTRICT 39,25150,Total Votes,NA
REPRESENTATIVE TO THE ASSEMBLY DISTRICT 39,15940,Mark L. Born,Republican
REPRESENTATIVE TO THE ASSEMBLY DISTRICT 39,9210,Elisha Barudin,Democrat
REPRESENTATIVE TO THE ASSEMBLY DISTRICT 40,24555,Total Votes,NA
REPRESENTATIVE TO THE ASSEMBLY DISTRICT 40,15794,Kevin Petersen,Republican
REPRESENTATIVE TO THE ASSEMBLY DISTRICT 40,8759,Erin Tracy,Democrat
REPRESENTATIVE TO THE ASSEMBLY DISTRICT 41,24249,Total Votes,NA
REPRESENTATIVE TO THE ASSEMBLY DISTRICT 41,15257,Joan Ballweg,Republican
REPRESENTATIVE TO THE ASSEMBLY DISTRICT 41,8984,Frank T. Buress,Democrat
REPRESENTATIVE TO THE ASSEMBLY DISTRICT 42,26529,Total Votes,NA
REPRESENTATIVE TO THE ASSEMBLY DISTRICT 42,15299,Jon Plumer,Republican
REPRESENTATIVE TO THE ASSEMBLY DISTRICT 42,11209,Ann Groves Lloyd,Democrat
REPRESENTATIVE TO THE ASSEMBLY DISTRICT 43,26564,Total Votes,NA
REPRESENTATIVE TO THE ASSEMBLY DISTRICT 43,10288,Gabriel Szerlong,Republican
REPRESENTATIVE TO THE ASSEMBLY DISTRICT 43,16241,Don Vruwink,Democrat
REPRESENTATIVE TO THE ASSEMBLY DISTRICT 44,18472,Total Votes,NA
REPRESENTATIVE TO THE ASSEMBLY DISTRICT 44,18005,Deb Kolste,Democrat
REPRESENTATIVE TO THE ASSEMBLY DISTRICT 45,17950,Total Votes,NA
REPRESENTATIVE TO THE ASSEMBLY DISTRICT 45,14198,Mark Spreitzer,Democrat
REPRESENTATIVE TO THE ASSEMBLY DISTRICT 45,3496,Reese Wood,Libertarian
REPRESENTATIVE TO THE ASSEMBLY DISTRICT 46,24697,Total Votes,NA
REPRESENTATIVE TO THE ASSEMBLY DISTRICT 46,24011,Gary Hebl,Democrat
REPRESENTATIVE TO THE ASSEMBLY DISTRICT 47,26226,Total Votes,NA
REPRESENTATIVE TO THE ASSEMBLY DISTRICT 47,25706,Jimmy Anderson,Democrat
REPRESENTATIVE TO THE ASSEMBLY DISTRICT 48,28297,Total Votes,NA
REPRESENTATIVE TO THE ASSEMBLY DISTRICT 48,27794,Melissa Agard Sargent,Democrat
REPRESENTATIVE TO THE ASSEMBLY DISTRICT 49,21844,Total Votes,NA
REPRESENTATIVE TO THE ASSEMBLY DISTRICT 49,12858,Travis Tranel,Republican
REPRESENTATIVE TO THE ASSEMBLY DISTRICT 49,8968,Mike Mooney,Democrat
REPRESENTATIVE TO THE ASSEMBLY DISTRICT 50,22700,Total Votes,NA
REPRESENTATIVE TO THE ASSEMBLY DISTRICT 50,12379,Tony Kurtz,Republican
REPRESENTATIVE TO THE ASSEMBLY DISTRICT 50,9658,Arthur L. Shrader,Democrat
REPRESENTATIVE TO THE ASSEMBLY DISTRICT 50,659,James Krus,Independent
REPRESENTATIVE TO THE ASSEMBLY DISTRICT 51,24573,Total Votes,NA
REPRESENTATIVE TO THE ASSEMBLY DISTRICT 51,12445,Todd Novak,Republican
REPRESENTATIVE TO THE ASSEMBLY DISTRICT 51,12113,Jeff Wright,Democrat
REPRESENTATIVE TO THE ASSEMBLY DISTRICT 52,24604,Total Votes,NA
REPRESENTATIVE TO THE ASSEMBLY DISTRICT 52,15164,Jeremy Thiesfeldt,Republican
REPRESENTATIVE TO THE ASSEMBLY DISTRICT 52,9427,Kevin Booth,Democrat
REPRESENTATIVE TO THE ASSEMBLY DISTRICT 53,23986,Total Votes,NA
REPRESENTATIVE TO THE ASSEMBLY DISTRICT 53,15160,Michael Schraa,Republican
REPRESENTATIVE TO THE ASSEMBLY DISTRICT 53,8812,Joe Lavrenz,Democrat
REPRESENTATIVE TO THE ASSEMBLY DISTRICT 54,19160,Total Votes,NA
REPRESENTATIVE TO THE ASSEMBLY DISTRICT 54,18019,Gordon Hintz,Democrat
REPRESENTATIVE TO THE ASSEMBLY DISTRICT 55,27418,Total Votes,NA
REPRESENTATIVE TO THE ASSEMBLY DISTRICT 55,15122,Mike Rohrkaste,Republican
REPRESENTATIVE TO THE ASSEMBLY DISTRICT 55,12283,Dan Schierl,Democrat
REPRESENTATIVE TO THE ASSEMBLY DISTRICT 56,30147,Total Votes,NA
REPRESENTATIVE TO THE ASSEMBLY DISTRICT 56,18033,Dave Murphy,Republican
REPRESENTATIVE TO THE ASSEMBLY DISTRICT 56,12110,Diana Lawrence,Democrat
REPRESENTATIVE TO THE ASSEMBLY DISTRICT 57,17257,Total Votes,NA
REPRESENTATIVE TO THE ASSEMBLY DISTRICT 57,16946,Amanda Stuck,Democrat
REPRESENTATIVE TO THE ASSEMBLY DISTRICT 58,28839,Total Votes,NA
REPRESENTATIVE TO THE ASSEMBLY DISTRICT 58,20471,Rick Gundrum,Republican
REPRESENTATIVE TO THE ASSEMBLY DISTRICT 58,8368,Dennis D. Degenhardt,Democrat
REPRESENTATIVE TO THE ASSEMBLY DISTRICT 59,23504,Total Votes,NA
REPRESENTATIVE TO THE ASSEMBLY DISTRICT 59,23339,Timothy S. Ramthun,Republican
REPRESENTATIVE TO THE ASSEMBLY DISTRICT 60,31920,Total Votes,NA
REPRESENTATIVE TO THE ASSEMBLY DISTRICT 60,20702,Robert Brooks,Republican
REPRESENTATIVE TO THE ASSEMBLY DISTRICT 60,11182,Chris Rahlf,Democrat
REPRESENTATIVE TO THE ASSEMBLY DISTRICT 61,26841,Total Votes,NA
REPRESENTATIVE TO THE ASSEMBLY DISTRICT 61,16606,Samantha Kerkman,Republican
REPRESENTATIVE TO THE ASSEMBLY DISTRICT 61,10207,Gina Walkington,Democrat
REPRESENTATIVE TO THE ASSEMBLY DISTRICT 62,29223,Total Votes,NA
REPRESENTATIVE TO THE ASSEMBLY DISTRICT 62,16035,Robert Wittke,Republican
REPRESENTATIVE TO THE ASSEMBLY DISTRICT 62,13161,John Lehman,Democrat
REPRESENTATIVE TO THE ASSEMBLY DISTRICT 63,27499,Total Votes,NA
REPRESENTATIVE TO THE ASSEMBLY DISTRICT 63,16775,Robin Vos,Republican
REPRESENTATIVE TO THE ASSEMBLY DISTRICT 63,10705,Joel Jacobsen,Democrat
REPRESENTATIVE TO THE ASSEMBLY DISTRICT 64,21416,Total Votes,NA
REPRESENTATIVE TO THE ASSEMBLY DISTRICT 64,16773,Peter W. Barca,Democrat
REPRESENTATIVE TO THE ASSEMBLY DISTRICT 64,4441,Thomas Harland,Constitution
REPRESENTATIVE TO THE ASSEMBLY DISTRICT 65,14931,Total Votes,NA
REPRESENTATIVE TO THE ASSEMBLY DISTRICT 65,14456,Tod Ohnstad,Democrat
REPRESENTATIVE TO THE ASSEMBLY DISTRICT 66,14896,Total Votes,NA
REPRESENTATIVE TO THE ASSEMBLY DISTRICT 66,14450,Greta Neubauer,Democrat
REPRESENTATIVE TO THE ASSEMBLY DISTRICT 67,25848,Total Votes,NA
REPRESENTATIVE TO THE ASSEMBLY DISTRICT 67,15970,Rob Summerfield,Republican
REPRESENTATIVE TO THE ASSEMBLY DISTRICT 67,9878,Wren Keturi,Democrat
REPRESENTATIVE TO THE ASSEMBLY DISTRICT 68,24533,Total Votes,NA
REPRESENTATIVE TO THE ASSEMBLY DISTRICT 68,14129,Jesse James,Republican
REPRESENTATIVE TO THE ASSEMBLY DISTRICT 68,10394,Wendy Sue Johnson,Democrat
REPRESENTATIVE TO THE ASSEMBLY DISTRICT 69,18905,Total Votes,NA
REPRESENTATIVE TO THE ASSEMBLY DISTRICT 69,17257,Bob Kulp,Republican
REPRESENTATIVE TO THE ASSEMBLY DISTRICT 69,1576,Kathleen M. Rulka (wr-in),Democrat
REPRESENTATIVE TO THE ASSEMBLY DISTRICT 70,24273,Total Votes,NA
REPRESENTATIVE TO THE ASSEMBLY DISTRICT 70,15027,Nancy Lynn Vander Meer,Republican
REPRESENTATIVE TO THE ASSEMBLY DISTRICT 70,9223,Cari Fay,Democrat
REPRESENTATIVE TO THE ASSEMBLY DISTRICT 71,21022,Total Votes,NA
REPRESENTATIVE TO THE ASSEMBLY DISTRICT 71,20548,Katrina Shankland,Democrat
REPRESENTATIVE TO THE ASSEMBLY DISTRICT 72,25773,Total Votes,NA
REPRESENTATIVE TO THE ASSEMBLY DISTRICT 72,14773,Scott S. Krug,Republican
REPRESENTATIVE TO THE ASSEMBLY DISTRICT 72,10992,David Gorski,Democrat
REPRESENTATIVE TO THE ASSEMBLY DISTRICT 73,19094,Total Votes,NA
REPRESENTATIVE TO THE ASSEMBLY DISTRICT 73,18510,Nick Milroy,Democrat
REPRESENTATIVE TO THE ASSEMBLY DISTRICT 73,16,Jeffery L. Monaghan (write-in),Republican
REPRESENTATIVE TO THE ASSEMBLY DISTRICT 74,28022,Total Votes,NA
REPRESENTATIVE TO THE ASSEMBLY DISTRICT 74,12276,Jeffrey Fahl,Republican
REPRESENTATIVE TO THE ASSEMBLY DISTRICT 74,15738,Beth Meyers,Democrat
REPRESENTATIVE TO THE ASSEMBLY DISTRICT 75,24004,Total Votes,NA
REPRESENTATIVE TO THE ASSEMBLY DISTRICT 75,14925,Romaine Robert Quinn,Republican
REPRESENTATIVE TO THE ASSEMBLY DISTRICT 75,9078,Ali Holzman,Democrat
REPRESENTATIVE TO THE ASSEMBLY DISTRICT 76,37478,Total Votes,NA
REPRESENTATIVE TO THE ASSEMBLY DISTRICT 76,36891,Chris Taylor,Democrat
REPRESENTATIVE TO THE ASSEMBLY DISTRICT 76,0,Thomas Leager (write-in),Libertarian
REPRESENTATIVE TO THE ASSEMBLY DISTRICT 77,29741,Total Votes,NA
REPRESENTATIVE TO THE ASSEMBLY DISTRICT 77,29347,Shelia Stubbs,Democrat
REPRESENTATIVE TO THE ASSEMBLY DISTRICT 78,30639,Total Votes,NA
REPRESENTATIVE TO THE ASSEMBLY DISTRICT 78,30044,Lisa Subeck,Democrat
REPRESENTATIVE TO THE ASSEMBLY DISTRICT 79,28776,Total Votes,NA
REPRESENTATIVE TO THE ASSEMBLY DISTRICT 79,28079,Dianne Hesselbein,Democrat
REPRESENTATIVE TO THE ASSEMBLY DISTRICT 80,26808,Total Votes,NA
REPRESENTATIVE TO THE ASSEMBLY DISTRICT 80,26189,Sondy Pope,Democrat
REPRESENTATIVE TO THE ASSEMBLY DISTRICT 81,20038,Total Votes,NA
REPRESENTATIVE TO THE ASSEMBLY DISTRICT 81,19766,Dave Considine,Democrat
REPRESENTATIVE TO THE ASSEMBLY DISTRICT 82,26538,Total Votes,NA
REPRESENTATIVE TO THE ASSEMBLY DISTRICT 82,18039,Ken Skowronski,Republican
REPRESENTATIVE TO THE ASSEMBLY DISTRICT 82,8300,Jason J. Sellnow,Libertarian
REPRESENTATIVE TO THE ASSEMBLY DISTRICT 83,31998,Total Votes,NA
REPRESENTATIVE TO THE ASSEMBLY DISTRICT 83,22351,Chuck Wichgers,Republican
REPRESENTATIVE TO THE ASSEMBLY DISTRICT 83,9624,Jim Brownlow,Democrat
REPRESENTATIVE TO THE ASSEMBLY DISTRICT 84,29047,Total Votes,NA
REPRESENTATIVE TO THE ASSEMBLY DISTRICT 84,16684,Mike Kuglitsch,Republican
REPRESENTATIVE TO THE ASSEMBLY DISTRICT 84,12341,Erica Flynn,Democrat
REPRESENTATIVE TO THE ASSEMBLY DISTRICT 85,24962,Total Votes,NA
REPRESENTATIVE TO THE ASSEMBLY DISTRICT 85,13791,Patrick Snyder,Republican
REPRESENTATIVE TO THE ASSEMBLY DISTRICT 85,11150,Alyson Leahy,Democrat
REPRESENTATIVE TO THE ASSEMBLY DISTRICT 86,28717,Total Votes,NA
REPRESENTATIVE TO THE ASSEMBLY DISTRICT 86,17174,John Spiros,Republican
REPRESENTATIVE TO THE ASSEMBLY DISTRICT 86,10575,Nancy Stencil,Democrat
REPRESENTATIVE TO THE ASSEMBLY DISTRICT 86,945,Michael A. Tauschek,Independent
REPRESENTATIVE TO THE ASSEMBLY DISTRICT 87,23719,Total Votes,NA
REPRESENTATIVE TO THE ASSEMBLY DISTRICT 87,15682,James W. Edming,Republican
REPRESENTATIVE TO THE ASSEMBLY DISTRICT 87,8027,Elizabeth Riley,Democrat
REPRESENTATIVE TO THE ASSEMBLY DISTRICT 88,27440,Total Votes,NA
REPRESENTATIVE TO THE ASSEMBLY DISTRICT 88,14628,John Macco,Republican
REPRESENTATIVE TO THE ASSEMBLY DISTRICT 88,12793,Tom Sieber,Democrat
REPRESENTATIVE TO THE ASSEMBLY DISTRICT 89,25565,Total Votes,NA
REPRESENTATIVE TO THE ASSEMBLY DISTRICT 89,17091,John Nygren,Republican
REPRESENTATIVE TO THE ASSEMBLY DISTRICT 89,8461,Ken Holdorf,Democrat
REPRESENTATIVE TO THE ASSEMBLY DISTRICT 90,13487,Total Votes,NA
REPRESENTATIVE TO THE ASSEMBLY DISTRICT 90,12994,Staush Gruszynski,Democrat
REPRESENTATIVE TO THE ASSEMBLY DISTRICT 91,26347,Total Votes,NA
REPRESENTATIVE TO THE ASSEMBLY DISTRICT 91,8798,Echo Reardon,Republican
REPRESENTATIVE TO THE ASSEMBLY DISTRICT 91,17512,Jodi Emerson,Democrat
REPRESENTATIVE TO THE ASSEMBLY DISTRICT 92,23499,Total Votes,NA
REPRESENTATIVE TO THE ASSEMBLY DISTRICT 92,12955,Treig E. Pronschinske,Republican
REPRESENTATIVE TO THE ASSEMBLY DISTRICT 92,10537,Rob Grover,Democrat
REPRESENTATIVE TO THE ASSEMBLY DISTRICT 93,27381,Total Votes,NA
REPRESENTATIVE TO THE ASSEMBLY DISTRICT 93,15935,Warren Petryk,Republican
REPRESENTATIVE TO THE ASSEMBLY DISTRICT 93,11435,Charlene Charlie Warner,Democrat
REPRESENTATIVE TO THE ASSEMBLY DISTRICT 94,29065,Total Votes,NA
REPRESENTATIVE TO THE ASSEMBLY DISTRICT 94,11567,Albert Rohland,Republican
REPRESENTATIVE TO THE ASSEMBLY DISTRICT 94,17498,Steve Doyle,Democrat
REPRESENTATIVE TO THE ASSEMBLY DISTRICT 95,21989,Total Votes,NA
REPRESENTATIVE TO THE ASSEMBLY DISTRICT 95,21989,Jill Billings,Democrat
REPRESENTATIVE TO THE ASSEMBLY DISTRICT 96,23866,Total Votes,NA
REPRESENTATIVE TO THE ASSEMBLY DISTRICT 96,12327,Loren Oldenburg,Republican
REPRESENTATIVE TO THE ASSEMBLY DISTRICT 96,11536,Paul Buhr,Democrat
REPRESENTATIVE TO THE ASSEMBLY DISTRICT 97,19729,Total Votes,NA
REPRESENTATIVE TO THE ASSEMBLY DISTRICT 97,18945,Scott Allen,Republican
REPRESENTATIVE TO THE ASSEMBLY DISTRICT 98,23689,Total Votes,NA
REPRESENTATIVE TO THE ASSEMBLY DISTRICT 98,23005,Adam Neylon,Republican
REPRESENTATIVE TO THE ASSEMBLY DISTRICT 98,0,Mary Larson (write-in),Republican
REPRESENTATIVE TO THE ASSEMBLY DISTRICT 99,26803,Total Votes,NA
REPRESENTATIVE TO THE ASSEMBLY DISTRICT 99,26251,Cindi Duchow,Republican
TREMPEALEAU COUNTY DISTRICT ATTORNEY,12061,Total Votes,NA
TREMPEALEAU COUNTY DISTRICT ATTORNEY,5668,Rick Niemeier,Republican
TREMPEALEAU COUNTY DISTRICT ATTORNEY,6375,John H. Sacia,Democrat
